{"info":{"_postman_id":"34555543-f361-41bc-849b-5b4593f5f789","name":"IMMRequest API","schema":"https://schema.getpostman.com/json/collection/v2.1.0/collection.json"},"item":[{"name":"api/v1","item":[{"name":"requests","item":[{"name":"{request Id}","item":[{"name":"Obtener request por su número","_postman_id":"eda000d7-c5ec-4a32-b7e2-a54ce77a3aee","protocolProfileBehavior":{"disableBodyPruning":true},"request":{"auth":{"type":"noauth"},"method":"GET","header":[],"url":{"raw":"{{baseUrl}}/api/v1/requests/:requestId","host":["{{baseUrl}}"],"path":["api","v1","requests",":requestId"],"variable":[{"id":"fb5af9c0-c732-4c92-86ee-d7a54ac2a093","key":"requestId","value":"<integer>","type":"string","description":"(Required) Número de request"}]}},"response":[{"id":"bc688c6e-c13b-4004-b94f-131fc1108c07","name":"Success","originalRequest":{"method":"GET","header":[],"url":{"raw":"{{baseUrl}}/api/v1/requests/:requestId","host":["{{baseUrl}}"],"path":["api","v1","requests",":requestId"],"variable":[{"key":"requestId"}]}},"status":"OK","code":200,"_postman_previewlanguage":"json","header":[{"key":"Content-Type","value":"application/json"}],"cookie":[],"responseTime":null,"body":"{\n \"number\": \"<integer>\",\n \"name\": \"<string>\",\n \"email\": \"<string>\",\n \"description\": \"<string>\",\n \"typeId\": \"<uuid>\",\n \"phoneNumber\": \"<string>\",\n \"status\": \"<string>\",\n \"additionalInformation\": \"<object>\"\n}"},{"id":"f6b209c2-c255-4163-ba00-b09ad9a7bec4","name":"El identificador no corresponde a una solicitud en el sistema","originalRequest":{"method":"GET","header":[],"url":{"raw":"{{baseUrl}}/api/v1/requests/:requestId","host":["{{baseUrl}}"],"path":["api","v1","requests",":requestId"],"variable":[{"key":"requestId"}]}},"status":"Not Found","code":404,"_postman_previewlanguage":"text","header":[{"key":"Content-Type","value":"text/plain"}],"cookie":[],"responseTime":null,"body":""}]},{"name":"Actualizar el estado de una solicitud","_postman_id":"716a6794-ea63-4e30-9a9a-6741bbea670e","protocolProfileBehavior":{"disableBodyPruning":true},"request":{"auth":{"type":"noauth"},"method":"PUT","header":[{"key":"authToken","value":"<uuid>"},{"key":"Content-Type","value":"application/json"}],"body":{"mode":"raw","raw":"{\n    \"status\": \"<string>\",\n    \"description\": \"<string>\"\n}","options":{"raw":{}}},"url":{"raw":"{{baseUrl}}/api/v1/requests/:requestId","host":["{{baseUrl}}"],"path":["api","v1","requests",":requestId"],"variable":[{"id":"c4c5701d-6280-4603-92c1-f8a9dbd4e466","key":"requestId","value":"<integer>","type":"string","description":"(Required) "}]}},"response":[{"id":"57578c2d-bf6a-4b8a-9039-6a5c05782f54","name":"El identificador del tipo de la solicitud no existe","originalRequest":{"method":"PUT","header":[{"key":"authToken","value":"<uuid>"}],"body":{"mode":"raw","raw":"{\n    \"status\": \"<string>\",\n    \"description\": \"<string>\"\n}"},"url":{"raw":"{{baseUrl}}/api/v1/requests/:requestId","host":["{{baseUrl}}"],"path":["api","v1","requests",":requestId"],"variable":[{"key":"requestId"}]}},"status":"Not Found","code":404,"_postman_previewlanguage":"text","header":[{"key":"Content-Type","value":"text/plain"}],"cookie":[],"responseTime":null,"body":""},{"id":"7f4cf3b8-919f-4c08-bc4b-c742e9d87358","name":"El estado de la solicitud fue actualizado en el sistema","originalRequest":{"method":"PUT","header":[{"key":"authToken","value":"<uuid>"}],"body":{"mode":"raw","raw":"{\n    \"status\": \"<string>\",\n    \"description\": \"<string>\"\n}"},"url":{"raw":"{{baseUrl}}/api/v1/requests/:requestId","host":["{{baseUrl}}"],"path":["api","v1","requests",":requestId"],"variable":[{"key":"requestId"}]}},"status":"OK","code":200,"_postman_previewlanguage":"text","header":[{"key":"Content-Type","value":"text/plain"}],"cookie":[],"responseTime":null,"body":""},{"id":"bdc157dc-9e21-44bf-aa3a-9423b197da1b","name":"Bad Request","originalRequest":{"method":"PUT","header":[{"key":"authToken","value":"<uuid>"}],"body":{"mode":"raw","raw":"{\n    \"status\": \"<string>\",\n    \"description\": \"<string>\"\n}"},"url":{"raw":"{{baseUrl}}/api/v1/requests/:requestId","host":["{{baseUrl}}"],"path":["api","v1","requests",":requestId"],"variable":[{"key":"requestId"}]}},"status":"Bad Request","code":400,"_postman_previewlanguage":"text","header":[{"key":"Content-Type","value":"text/plain"}],"cookie":[],"responseTime":null,"body":""},{"id":"decdce3b-4236-466c-818e-8c71cf571f09","name":"No autorizado para realizar esta operación","originalRequest":{"method":"PUT","header":[{"key":"authToken","value":"<uuid>"}],"body":{"mode":"raw","raw":"{\n    \"status\": \"<string>\",\n    \"description\": \"<string>\"\n}"},"url":{"raw":"{{baseUrl}}/api/v1/requests/:requestId","host":["{{baseUrl}}"],"path":["api","v1","requests",":requestId"],"variable":[{"key":"requestId"}]}},"status":"Unauthorized","code":401,"_postman_previewlanguage":"text","header":[{"key":"Content-Type","value":"text/plain"}],"cookie":[],"responseTime":null,"body":""}]}],"_postman_id":"4a082623-4048-42eb-bd35-f7a14b696525","_postman_isSubFolder":true},{"name":"Obtener todas las solicitudes en el sistema","_postman_id":"25237e8f-d220-4cf1-bd3d-33a40d34251b","protocolProfileBehavior":{"disableBodyPruning":true},"request":{"auth":{"type":"noauth"},"method":"GET","header":[{"key":"authToken","value":"<uuid>"}],"url":{"raw":"{{baseUrl}}/api/v1/requests","host":["{{baseUrl}}"],"path":["api","v1","requests"]}},"response":[{"id":"1962ec56-29e9-4db9-b9e9-e687702b3868","name":"No autorizado para realizar esta operación","originalRequest":{"method":"GET","header":[{"key":"authToken","value":"<uuid>"}],"url":{"raw":"{{baseUrl}}/api/v1/requests","host":["{{baseUrl}}"],"path":["api","v1","requests"]}},"status":"Unauthorized","code":401,"_postman_previewlanguage":"text","header":[{"key":"Content-Type","value":"text/plain"}],"cookie":[],"responseTime":null,"body":""},{"id":"8f8b41f7-7bac-402e-a4da-0e6e6cc150f1","name":"Lista de solicitudes del sitema","originalRequest":{"method":"GET","header":[{"key":"authToken","value":"<uuid>"}],"url":{"raw":"{{baseUrl}}/api/v1/requests","host":["{{baseUrl}}"],"path":["api","v1","requests"]}},"status":"OK","code":200,"_postman_previewlanguage":"json","header":[{"key":"Content-Type","value":"application/json"}],"cookie":[],"responseTime":null,"body":"[\n {\n  \"number\": \"<integer>\",\n  \"name\": \"<string>\",\n  \"email\": \"<string>\",\n  \"description\": \"<string>\",\n  \"typeId\": \"<uuid>\",\n  \"phoneNumber\": \"<string>\",\n  \"status\": \"<string>\",\n  \"additionalInformation\": \"<object>\"\n },\n {\n  \"number\": \"<integer>\",\n  \"name\": \"<string>\",\n  \"email\": \"<string>\",\n  \"description\": \"<string>\",\n  \"typeId\": \"<uuid>\",\n  \"phoneNumber\": \"<string>\",\n  \"status\": \"<string>\",\n  \"additionalInformation\": \"<object>\"\n }\n]"}]},{"name":"Crear una nueva solicitud","_postman_id":"5793c887-3d7d-4548-ae89-b919db3793c9","protocolProfileBehavior":{"disableBodyPruning":true},"request":{"auth":{"type":"noauth"},"method":"POST","header":[{"key":"Content-Type","value":"application/json"}],"body":{"mode":"raw","raw":"{\n    \"description\": \"<string>\",\n    \"email\": \"<string>\",\n    \"name\": \"<string>\",\n    \"typeId\": \"<uuid>\",\n    \"phoneNumber\": \"<string>\",\n    \"additionalInformation\": \"<object>\"\n}","options":{"raw":{}}},"url":{"raw":"{{baseUrl}}/api/v1/requests","host":["{{baseUrl}}"],"path":["api","v1","requests"]}},"response":[{"id":"4b45b9a3-2fa7-48ca-ac26-4f9fbe47ab04","name":"Bad Request","originalRequest":{"method":"POST","header":[],"body":{"mode":"raw","raw":"{\n    \"description\": \"<string>\",\n    \"email\": \"<string>\",\n    \"name\": \"<string>\",\n    \"typeId\": \"<uuid>\",\n    \"phoneNumber\": \"<string>\",\n    \"additionalInformation\": \"<object>\"\n}"},"url":{"raw":"{{baseUrl}}/api/v1/requests","host":["{{baseUrl}}"],"path":["api","v1","requests"]}},"status":"Bad Request","code":400,"_postman_previewlanguage":"text","header":[{"key":"Content-Type","value":"text/plain"}],"cookie":[],"responseTime":null,"body":""},{"id":"7c84e0f8-39ff-44d4-82cf-75c6d6e79e7c","name":"La solicitud fue dada de alta en el sistema","originalRequest":{"method":"POST","header":[],"body":{"mode":"raw","raw":"{\n    \"description\": \"<string>\",\n    \"email\": \"<string>\",\n    \"name\": \"<string>\",\n    \"typeId\": \"<uuid>\",\n    \"phoneNumber\": \"<string>\",\n    \"additionalInformation\": \"<object>\"\n}"},"url":{"raw":"{{baseUrl}}/api/v1/requests","host":["{{baseUrl}}"],"path":["api","v1","requests"]}},"status":"Created","code":201,"_postman_previewlanguage":"text","header":[{"key":"Content-Type","value":"text/plain"}],"cookie":[],"responseTime":null,"body":""},{"id":"ef3dd220-2296-4aca-aa81-f664fddb37f3","name":"El identificador del tipo de la solicitud no existe","originalRequest":{"method":"POST","header":[],"body":{"mode":"raw","raw":"{\n    \"description\": \"<string>\",\n    \"email\": \"<string>\",\n    \"name\": \"<string>\",\n    \"typeId\": \"<uuid>\",\n    \"phoneNumber\": \"<string>\",\n    \"additionalInformation\": \"<object>\"\n}"},"url":{"raw":"{{baseUrl}}/api/v1/requests","host":["{{baseUrl}}"],"path":["api","v1","requests"]}},"status":"Not Found","code":404,"_postman_previewlanguage":"text","header":[{"key":"Content-Type","value":"text/plain"}],"cookie":[],"responseTime":null,"body":""}]}],"_postman_id":"c1189339-7931-4208-b242-30b7fa537b4e","_postman_isSubFolder":true},{"name":"types","item":[{"name":"{type Id}","item":[{"name":"Obtiene el tipo del sistema especificado por su identificador","_postman_id":"60ed7202-fd65-46ea-9081-e1a2a4ce051f","protocolProfileBehavior":{"disableBodyPruning":true},"request":{"auth":{"type":"noauth"},"method":"GET","header":[],"url":{"raw":"{{baseUrl}}/api/v1/types/:typeId","host":["{{baseUrl}}"],"path":["api","v1","types",":typeId"],"variable":[{"id":"46167a9c-08ad-4fb0-9615-dfa7871bcfdd","key":"typeId","value":"<uuid>","type":"string","description":"(Required) "}]}},"response":[{"id":"8cd296a3-105f-4f53-ad5b-46db4c744a0e","name":"Not Found","originalRequest":{"method":"GET","header":[],"url":{"raw":"{{baseUrl}}/api/v1/types/:typeId","host":["{{baseUrl}}"],"path":["api","v1","types",":typeId"],"variable":[{"key":"typeId"}]}},"status":"Not Found","code":404,"_postman_previewlanguage":"text","header":[{"key":"Content-Type","value":"text/plain"}],"cookie":[],"responseTime":null,"body":""},{"id":"d9740c6c-3cd8-45de-8139-bf14d2c1f19a","name":"Success","originalRequest":{"method":"GET","header":[],"url":{"raw":"{{baseUrl}}/api/v1/types/:typeId","host":["{{baseUrl}}"],"path":["api","v1","types",":typeId"],"variable":[{"key":"typeId"}]}},"status":"OK","code":200,"_postman_previewlanguage":"json","header":[{"key":"Content-Type","value":"application/json"}],"cookie":[],"responseTime":null,"body":"{\n \"id\": \"<uuid>\",\n \"name\": \"<string>\",\n \"parentTopicId\": \"<uuid>\",\n \"fields\": [\n  {\n   \"name\": \"<string>\",\n   \"fieldType\": \"<string>\",\n   \"range\": [\n    \"<string>\",\n    \"<string>\"\n   ]\n  },\n  {\n   \"name\": \"<string>\",\n   \"fieldType\": \"<string>\",\n   \"range\": [\n    \"<string>\",\n    \"<string>\"\n   ]\n  }\n ]\n}"}]},{"name":"Borrar un tipo","_postman_id":"e515932a-dc39-4700-9104-1c65fafc5462","protocolProfileBehavior":{"disableBodyPruning":true},"request":{"auth":{"type":"noauth"},"method":"DELETE","header":[{"key":"authToken","value":"<uuid>"}],"url":{"raw":"{{baseUrl}}/api/v1/types/:typeId","host":["{{baseUrl}}"],"path":["api","v1","types",":typeId"],"variable":[{"id":"49f6322b-7873-404e-a5d9-d105ad7c7cb1","key":"typeId","value":"<uuid>","type":"string","description":"(Required) "}]}},"response":[{"id":"25a6f077-e9c2-48bb-9b50-8c934b0a1ba0","name":"El identificador del tipo no existe en el sistema","originalRequest":{"method":"DELETE","header":[{"key":"authToken","value":"<uuid>"}],"url":{"raw":"{{baseUrl}}/api/v1/types/:typeId","host":["{{baseUrl}}"],"path":["api","v1","types",":typeId"],"variable":[{"key":"typeId"}]}},"status":"Not Found","code":404,"_postman_previewlanguage":"text","header":[{"key":"Content-Type","value":"text/plain"}],"cookie":[],"responseTime":null,"body":""},{"id":"69974ad6-be98-4675-a558-4ead4ce767a0","name":"El tipo fue dado de baja en el sistema","originalRequest":{"method":"DELETE","header":[{"key":"authToken","value":"<uuid>"}],"url":{"raw":"{{baseUrl}}/api/v1/types/:typeId","host":["{{baseUrl}}"],"path":["api","v1","types",":typeId"],"variable":[{"key":"typeId"}]}},"status":"OK","code":200,"_postman_previewlanguage":"text","header":[{"key":"Content-Type","value":"text/plain"}],"cookie":[],"responseTime":null,"body":""},{"id":"9c6f19e3-0a38-47f1-b739-d93b255d7fce","name":"No autorizado para realizar esta operación","originalRequest":{"method":"DELETE","header":[{"key":"authToken","value":"<uuid>"}],"url":{"raw":"{{baseUrl}}/api/v1/types/:typeId","host":["{{baseUrl}}"],"path":["api","v1","types",":typeId"],"variable":[{"key":"typeId"}]}},"status":"Unauthorized","code":401,"_postman_previewlanguage":"text","header":[{"key":"Content-Type","value":"text/plain"}],"cookie":[],"responseTime":null,"body":""}]}],"_postman_id":"03c52d89-09b6-4aa8-bcaa-24c94cf54595","_postman_isSubFolder":true},{"name":"Obtiene todos los tipos del sistema ordenados en su jerarquía Área - Tema - Tipo","_postman_id":"f0431834-0a27-4662-b898-82770f283c41","protocolProfileBehavior":{"disableBodyPruning":true},"request":{"auth":{"type":"noauth"},"method":"GET","header":[],"url":{"raw":"{{baseUrl}}/api/v1/types","host":["{{baseUrl}}"],"path":["api","v1","types"]}},"response":[{"id":"fc4df05d-e80d-492e-811b-1a31c3adcfa4","name":"Success","originalRequest":{"method":"GET","header":[],"url":{"raw":"{{baseUrl}}/api/v1/types","host":["{{baseUrl}}"],"path":["api","v1","types"]}},"status":"OK","code":200,"_postman_previewlanguage":"json","header":[{"key":"Content-Type","value":"application/json"}],"cookie":[],"responseTime":null,"body":"[\n {\n  \"name\": \"<string>\",\n  \"topics\": [\n   {\n    \"name\": \"<string>\",\n    \"types\": [\n     {\n      \"id\": \"<uuid>\",\n      \"name\": \"<string>\"\n     },\n     {\n      \"id\": \"<uuid>\",\n      \"name\": \"<string>\"\n     }\n    ]\n   },\n   {\n    \"name\": \"<string>\",\n    \"types\": [\n     {\n      \"id\": \"<uuid>\",\n      \"name\": \"<string>\"\n     },\n     {\n      \"id\": \"<uuid>\",\n      \"name\": \"<string>\"\n     }\n    ]\n   }\n  ]\n },\n {\n  \"name\": \"<string>\",\n  \"topics\": [\n   {\n    \"name\": \"<string>\",\n    \"types\": [\n     {\n      \"id\": \"<uuid>\",\n      \"name\": \"<string>\"\n     },\n     {\n      \"id\": \"<uuid>\",\n      \"name\": \"<string>\"\n     }\n    ]\n   },\n   {\n    \"name\": \"<string>\",\n    \"types\": [\n     {\n      \"id\": \"<uuid>\",\n      \"name\": \"<string>\"\n     },\n     {\n      \"id\": \"<uuid>\",\n      \"name\": \"<string>\"\n     }\n    ]\n   }\n  ]\n }\n]"}]},{"name":"Crear un nuevo tipo","_postman_id":"011b7911-e3f0-411b-bbd1-e247479ad4f7","protocolProfileBehavior":{"disableBodyPruning":true},"request":{"auth":{"type":"noauth"},"method":"POST","header":[{"key":"Content-Type","value":"application/json"}],"body":{"mode":"raw","raw":"{\n    \"name\": \"<string>\",\n    \"parentTopicId\": \"<uuid>\",\n    \"fields\": [\n        {\n            \"fieldType\": \"<string>\",\n            \"name\": \"<string>\",\n            \"range\": [\n                \"<string>\",\n                \"<string>\"\n            ]\n        },\n        {\n            \"fieldType\": \"<string>\",\n            \"name\": \"<string>\",\n            \"range\": [\n                \"<string>\",\n                \"<string>\"\n            ]\n        }\n    ]\n}","options":{"raw":{}}},"url":{"raw":"{{baseUrl}}/api/v1/types","host":["{{baseUrl}}"],"path":["api","v1","types"]}},"response":[{"id":"0ae1130a-d31d-4d9c-bfea-faf2f310f92f","name":"Error en el cuerpo del tipo","originalRequest":{"method":"POST","header":[],"body":{"mode":"raw","raw":"{\n    \"name\": \"<string>\",\n    \"parentTopicId\": \"<uuid>\",\n    \"fields\": [\n        {\n            \"fieldType\": \"<string>\",\n            \"name\": \"<string>\",\n            \"range\": [\n                \"<string>\",\n                \"<string>\"\n            ]\n        },\n        {\n            \"fieldType\": \"<string>\",\n            \"name\": \"<string>\",\n            \"range\": [\n                \"<string>\",\n                \"<string>\"\n            ]\n        }\n    ]\n}"},"url":{"raw":"{{baseUrl}}/api/v1/types","host":["{{baseUrl}}"],"path":["api","v1","types"]}},"status":"Bad Request","code":400,"_postman_previewlanguage":"text","header":[{"key":"Content-Type","value":"text/plain"}],"cookie":[],"responseTime":null,"body":""},{"id":"66f286de-600f-4c8c-b1c9-659013d60d0b","name":"No autorizado para realizar esta operación","originalRequest":{"method":"POST","header":[],"body":{"mode":"raw","raw":"{\n    \"name\": \"<string>\",\n    \"parentTopicId\": \"<uuid>\",\n    \"fields\": [\n        {\n            \"fieldType\": \"<string>\",\n            \"name\": \"<string>\",\n            \"range\": [\n                \"<string>\",\n                \"<string>\"\n            ]\n        },\n        {\n            \"fieldType\": \"<string>\",\n            \"name\": \"<string>\",\n            \"range\": [\n                \"<string>\",\n                \"<string>\"\n            ]\n        }\n    ]\n}"},"url":{"raw":"{{baseUrl}}/api/v1/types","host":["{{baseUrl}}"],"path":["api","v1","types"]}},"status":"Unauthorized","code":401,"_postman_previewlanguage":"text","header":[{"key":"Content-Type","value":"text/plain"}],"cookie":[],"responseTime":null,"body":""},{"id":"936612cb-1f8c-494a-b2e5-d1acb42c989f","name":"El tipo fue dado de alta en el sistema","originalRequest":{"method":"POST","header":[],"body":{"mode":"raw","raw":"{\n    \"name\": \"<string>\",\n    \"parentTopicId\": \"<uuid>\",\n    \"fields\": [\n        {\n            \"fieldType\": \"<string>\",\n            \"name\": \"<string>\",\n            \"range\": [\n                \"<string>\",\n                \"<string>\"\n            ]\n        },\n        {\n            \"fieldType\": \"<string>\",\n            \"name\": \"<string>\",\n            \"range\": [\n                \"<string>\",\n                \"<string>\"\n            ]\n        }\n    ]\n}"},"url":{"raw":"{{baseUrl}}/api/v1/types","host":["{{baseUrl}}"],"path":["api","v1","types"]}},"status":"Created","code":201,"_postman_previewlanguage":"text","header":[{"key":"Content-Type","value":"text/plain"}],"cookie":[],"responseTime":null,"body":""},{"id":"ec4957ff-bc85-403b-adc4-4a5a4e29d3d1","name":"El identificador del tipo o del topic no existe","originalRequest":{"method":"POST","header":[],"body":{"mode":"raw","raw":"{\n    \"name\": \"<string>\",\n    \"parentTopicId\": \"<uuid>\",\n    \"fields\": [\n        {\n            \"fieldType\": \"<string>\",\n            \"name\": \"<string>\",\n            \"range\": [\n                \"<string>\",\n                \"<string>\"\n            ]\n        },\n        {\n            \"fieldType\": \"<string>\",\n            \"name\": \"<string>\",\n            \"range\": [\n                \"<string>\",\n                \"<string>\"\n            ]\n        }\n    ]\n}"},"url":{"raw":"{{baseUrl}}/api/v1/types","host":["{{baseUrl}}"],"path":["api","v1","types"]}},"status":"Not Found","code":404,"_postman_previewlanguage":"text","header":[{"key":"Content-Type","value":"text/plain"}],"cookie":[],"responseTime":null,"body":""}]}],"_postman_id":"f60e3855-d1d2-4094-8e3a-e40fc2403f5e","_postman_isSubFolder":true},{"name":"users","item":[{"name":"{user Id}","item":[{"name":"Elimine un usuario","_postman_id":"c8b09d16-c22d-4bc6-ad9b-a5845ac08949","protocolProfileBehavior":{"disableBodyPruning":true},"request":{"auth":{"type":"noauth"},"method":"DELETE","header":[{"key":"authToken","value":"<uuid>"}],"url":{"raw":"{{baseUrl}}/api/v1/users/:userId","host":["{{baseUrl}}"],"path":["api","v1","users",":userId"],"variable":[{"id":"a7427585-11b9-4771-becf-0bb24dc91324","key":"userId","value":"<uuid>","type":"string","description":"(Required) "}]}},"response":[{"id":"3defbf0c-e294-4db1-b8f7-c6246ff1ae02","name":"El identificador no corresponde a un usuario en el sistema","originalRequest":{"method":"DELETE","header":[{"key":"authToken","value":"<uuid>"}],"url":{"raw":"{{baseUrl}}/api/v1/users/:userId","host":["{{baseUrl}}"],"path":["api","v1","users",":userId"],"variable":[{"key":"userId"}]}},"status":"Not Found","code":404,"_postman_previewlanguage":"text","header":[{"key":"Content-Type","value":"text/plain"}],"cookie":[],"responseTime":null,"body":""},{"id":"b95690af-463e-4b0c-8d96-f20dd182503a","name":"El usuario fue eliminado del sistema","originalRequest":{"method":"DELETE","header":[{"key":"authToken","value":"<uuid>"}],"url":{"raw":"{{baseUrl}}/api/v1/users/:userId","host":["{{baseUrl}}"],"path":["api","v1","users",":userId"],"variable":[{"key":"userId"}]}},"status":"OK","code":200,"_postman_previewlanguage":"text","header":[{"key":"Content-Type","value":"text/plain"}],"cookie":[],"responseTime":null,"body":""}]},{"name":"Actualizar un usuario","_postman_id":"ba42d5ae-8103-4359-937d-3701b045aeef","protocolProfileBehavior":{"disableBodyPruning":true},"request":{"auth":{"type":"noauth"},"method":"PUT","header":[{"key":"authToken","value":"<uuid>"},{"key":"Content-Type","value":"application/json"}],"body":{"mode":"raw","raw":"{\n    \"name\": \"<string>\",\n    \"password\": \"<string>\",\n    \"email\": \"<string>\",\n    \"isAdmin\": \"<boolean>\"\n}","options":{"raw":{}}},"url":{"raw":"{{baseUrl}}/api/v1/users/:userId","host":["{{baseUrl}}"],"path":["api","v1","users",":userId"],"variable":[{"id":"47c4f735-00b8-4e58-9428-5843e0190efb","key":"userId","value":"<uuid>","type":"string","description":"(Required) "}]}},"response":[{"id":"cb26221f-7109-4314-86de-3c26d7873944","name":"El usuario fue actualizado en el sistema","originalRequest":{"method":"PUT","header":[{"key":"authToken","value":"<uuid>"}],"url":{"raw":"{{baseUrl}}/api/v1/users/:userId","host":["{{baseUrl}}"],"path":["api","v1","users",":userId"],"variable":[{"key":"userId"}]}},"status":"OK","code":200,"_postman_previewlanguage":"text","header":[{"key":"Content-Type","value":"text/plain"}],"cookie":[],"responseTime":null,"body":""},{"id":"f989915a-95f5-4e5e-8a61-89e1128c5dff","name":"El identificador no corresponde a un usuario en el sistema","originalRequest":{"method":"PUT","header":[{"key":"authToken","value":"<uuid>"}],"url":{"raw":"{{baseUrl}}/api/v1/users/:userId","host":["{{baseUrl}}"],"path":["api","v1","users",":userId"],"variable":[{"key":"userId"}]}},"status":"Not Found","code":404,"_postman_previewlanguage":"text","header":[{"key":"Content-Type","value":"text/plain"}],"cookie":[],"responseTime":null,"body":""}]},{"name":"/api/v1/users/:userId","_postman_id":"f40e1126-a85e-436e-b5bf-66ae4206fc16","protocolProfileBehavior":{"disableBodyPruning":true},"request":{"auth":{"type":"noauth"},"method":"GET","header":[],"url":{"raw":"{{baseUrl}}/api/v1/users/:userId","host":["{{baseUrl}}"],"path":["api","v1","users",":userId"],"variable":[{"id":"7c7055ab-801e-4dd5-af97-487bcf2fcc84","key":"userId","value":"<uuid>","type":"string","description":"(Required) "}]}},"response":[{"id":"61de97a2-91db-414f-be7d-34fc6a3bf1b1","name":"Success","originalRequest":{"method":"GET","header":[],"url":{"raw":"{{baseUrl}}/api/v1/users/:userId","host":["{{baseUrl}}"],"path":["api","v1","users",":userId"],"variable":[{"key":"userId"}]}},"status":"OK","code":200,"_postman_previewlanguage":"json","header":[{"key":"Content-Type","value":"application/json"}],"cookie":[],"responseTime":null,"body":"{\n \"name\": \"<string>\",\n \"email\": \"<string>\",\n \"isAdmin\": \"<boolean>\",\n \"id\": \"<uuid>\"\n}"},{"id":"d65f8426-34bd-46ec-8621-fc759cd972e6","name":"El identificador no corresponde a un usuario en el sistema","originalRequest":{"method":"GET","header":[],"url":{"raw":"{{baseUrl}}/api/v1/users/:userId","host":["{{baseUrl}}"],"path":["api","v1","users",":userId"],"variable":[{"key":"userId"}]}},"status":"Not Found","code":404,"_postman_previewlanguage":"text","header":[{"key":"Content-Type","value":"text/plain"}],"cookie":[],"responseTime":null,"body":""}]}],"_postman_id":"000ba335-01cf-41cb-95cc-e2f40da2ae72","_postman_isSubFolder":true},{"name":"Crear un nuevo usuario","_postman_id":"a4a9299a-a79f-4a91-9069-6efbe32b52b7","protocolProfileBehavior":{"disableBodyPruning":true},"request":{"auth":{"type":"noauth"},"method":"POST","header":[{"key":"authToken","value":"<uuid>"},{"key":"Content-Type","value":"application/json"}],"body":{"mode":"raw","raw":"{\n    \"name\": \"<string>\",\n    \"password\": \"<string>\",\n    \"email\": \"<string>\",\n    \"isAdmin\": \"<boolean>\"\n}","options":{"raw":{}}},"url":{"raw":"{{baseUrl}}/api/v1/users","host":["{{baseUrl}}"],"path":["api","v1","users"]}},"response":[{"id":"28b17c1a-d540-4325-a951-57fb6a3b3845","name":"El usuario fue dado de alta en el sistema","originalRequest":{"method":"POST","header":[{"key":"authToken","value":"<uuid>"}],"url":{"raw":"{{baseUrl}}/api/v1/users","host":["{{baseUrl}}"],"path":["api","v1","users"]}},"status":"Created","code":201,"_postman_previewlanguage":"text","header":[{"key":"Content-Type","value":"text/plain"}],"cookie":[],"responseTime":null,"body":""},{"id":"595dce0a-a6fd-4d25-8b5e-60b4361cf0c7","name":"El identificador del usuario no existe","originalRequest":{"method":"POST","header":[{"key":"authToken","value":"<uuid>"}],"url":{"raw":"{{baseUrl}}/api/v1/users","host":["{{baseUrl}}"],"path":["api","v1","users"]}},"status":"Not Found","code":404,"_postman_previewlanguage":"text","header":[{"key":"Content-Type","value":"text/plain"}],"cookie":[],"responseTime":null,"body":""}]},{"name":"Obtener todos los usuarios en el sistema","_postman_id":"97349c3d-f0f3-4f21-b1df-6b75915da9e2","protocolProfileBehavior":{"disableBodyPruning":true},"request":{"auth":{"type":"noauth"},"method":"GET","header":[{"key":"authToken","value":"","type":"text"}],"url":{"raw":"{{baseUrl}}/api/v1/users","host":["{{baseUrl}}"],"path":["api","v1","users"]}},"response":[{"id":"3dcdb48f-4dbd-495f-b9d3-ae9cf360f3c0","name":"Success","originalRequest":{"method":"GET","header":[],"url":{"raw":"{{baseUrl}}/api/v1/users?authToken=<uuid>","host":["{{baseUrl}}"],"path":["api","v1","users"],"query":[{"key":"authToken","value":"<uuid>"}]}},"status":"OK","code":200,"_postman_previewlanguage":"json","header":[{"key":"Content-Type","value":"application/json"}],"cookie":[],"responseTime":null,"body":"[\n {\n  \"name\": \"<string>\",\n  \"email\": \"<string>\",\n  \"isAdmin\": \"<boolean>\",\n  \"id\": \"<uuid>\"\n },\n {\n  \"name\": \"<string>\",\n  \"email\": \"<string>\",\n  \"isAdmin\": \"<boolean>\",\n  \"id\": \"<uuid>\"\n }\n]"}]}],"_postman_id":"1dd12ae1-c2d2-4143-bb7a-164322712159","_postman_isSubFolder":true},{"name":"Login para obtener token de sesión","_postman_id":"0bbbe950-dcab-4a66-8a03-327258ef086c","protocolProfileBehavior":{"disableBodyPruning":true},"request":{"auth":{"type":"noauth"},"method":"POST","header":[{"key":"Content-Type","value":"application/json"}],"body":{"mode":"raw","raw":"{\n    \"email\": \"<string>\",\n    \"password\": \"<string>\"\n}","options":{"raw":{}}},"url":{"raw":"{{baseUrl}}/api/v1/session","host":["{{baseUrl}}"],"path":["api","v1","session"]}},"response":[{"id":"45c064c0-72d1-440f-8843-eb343d0ce0ad","name":"El identificador del usuario no existe","originalRequest":{"method":"POST","header":[],"body":{"mode":"raw","raw":"{\n    \"email\": \"<string>\",\n    \"password\": \"<string>\"\n}"},"url":{"raw":"{{baseUrl}}/api/v1/session","host":["{{baseUrl}}"],"path":["api","v1","session"]}},"status":"Not Found","code":404,"_postman_previewlanguage":"text","header":[{"key":"Content-Type","value":"text/plain"}],"cookie":[],"responseTime":null,"body":""},{"id":"dce95d3c-4c7f-4261-ab52-9360f55605ed","name":"El usuario fue logueado en el sistema","originalRequest":{"method":"POST","header":[],"body":{"mode":"raw","raw":"{\n    \"email\": \"<string>\",\n    \"password\": \"<string>\"\n}"},"url":{"raw":"{{baseUrl}}/api/v1/session","host":["{{baseUrl}}"],"path":["api","v1","session"]}},"status":"OK","code":200,"_postman_previewlanguage":"text","header":[{"key":"Content-Type","value":"text/plain"}],"cookie":[],"responseTime":null,"body":""}]}],"_postman_id":"ab43443f-8983-47c5-a196-03b5b7a6a454"}],"variable":[{"id":"baseUrl","key":"baseUrl","value":"/","type":"string"}]}